City_ID,City,Country,Lat,Lng,Max Temp,Humidity,Cloudiness,Wind Speed,Current Description
0,Leningradskiy,RU,69.3833,178.4167,35.73,82,25,6.53,scattered clouds
1,Samarai,PG,-10.6167,150.6667,81.37,65,63,14.65,broken clouds
2,Sabang,ID,5.8933,95.3214,83.37,75,100,19.3,overcast clouds
3,Lebu,CL,-37.6167,-73.65,57.31,95,100,6.51,light rain
4,Barrow,US,71.2906,-156.7887,35.62,69,90,13.8,overcast clouds
5,Vaini,TO,-21.2,-175.2,78.96,73,20,11.5,few clouds
6,Busselton,AU,-33.65,115.3333,61.05,63,100,17.05,overcast clouds
7,Durazno,UY,-33.4131,-56.5006,49.95,93,0,6.91,clear sky
8,Phan Thiet,VN,10.9333,108.1,83.26,74,100,2.55,overcast clouds
9,Ushuaia,AR,-54.8,-68.3,29.86,86,75,18.41,light snow
10,San Cristobal,VE,7.7669,-72.225,75.38,90,52,2.68,broken clouds
11,Butaritari,KI,3.0707,172.7902,83.66,79,85,19.24,light rain
12,Hobart,AU,-42.8794,147.3294,52.05,57,40,4.0,light rain
13,Tuatapere,NZ,-46.1333,167.6833,49.82,72,100,8.1,overcast clouds
14,Tazovskiy,RU,67.4667,78.7,30.15,81,86,6.38,overcast clouds
15,Georgetown,MY,5.4112,100.3354,78.75,95,40,3.44,moderate rain
16,Atuona,PF,-9.8,-139.0333,79.63,75,76,13.78,light rain
17,Ottawa,CA,45.4112,-75.6981,69.44,58,75,8.01,broken clouds
18,Esso,RU,55.9333,158.7,37.58,82,100,3.51,overcast clouds
19,Hilo,US,19.7297,-155.09,81.28,78,90,13.8,overcast clouds
20,Morant Bay,JM,17.8815,-76.4093,82.02,87,17,8.03,few clouds
21,Castro,BR,-24.7911,-50.0119,57.85,61,100,3.56,overcast clouds
22,Fevik,NO,58.3794,8.6766,49.62,85,100,16.08,overcast clouds
23,Tasiilaq,GL,65.6145,-37.6368,41.16,93,100,27.09,light rain
24,Mataura,NZ,-46.1927,168.8643,49.48,65,100,2.48,light rain
25,Rikitea,PF,-23.1203,-134.9692,74.7,70,91,17.31,overcast clouds
26,Victoria,HK,22.2855,114.1577,89.58,73,47,8.99,scattered clouds
27,Teruel,ES,40.6667,-0.6667,49.96,81,62,2.37,broken clouds
28,Bhadrak,IN,21.0633,86.5054,81.97,71,100,19.48,moderate rain
29,Nanortalik,GL,60.1432,-45.2371,36.88,92,99,9.22,overcast clouds
30,Provideniya,RU,64.3833,-173.3,46.51,49,0,20.13,clear sky
31,Clyde River,CA,70.4692,-68.5914,21.16,87,13,8.25,few clouds
32,Cidreira,BR,-30.1811,-50.2056,57.07,74,100,6.87,overcast clouds
33,Cherskiy,RU,68.75,161.3,60.44,32,94,6.78,overcast clouds
34,Canala,NC,-21.5333,165.95,73.89,55,5,1.19,clear sky
35,Albany,US,42.6001,-73.9662,69.03,88,88,3.0,overcast clouds
36,Nikolskoye,RU,59.7035,30.7861,46.29,98,91,4.7,overcast clouds
37,Shenjiamen,CN,29.9576,122.298,69.6,89,95,10.02,light rain
38,Lianran,CN,24.9227,102.485,55.94,68,99,3.98,overcast clouds
39,Port Macquarie,AU,-31.4333,152.9167,66.88,53,13,10.98,few clouds
40,Port Blair,IN,11.6667,92.75,78.84,100,90,8.05,moderate rain
41,Namibe,AO,-15.1961,12.1522,72.68,64,0,5.41,clear sky
42,Gigmoto,PH,13.7796,124.39,87.28,67,36,6.93,scattered clouds
43,Mahebourg,MU,-20.4081,57.7,71.89,94,75,2.3,broken clouds
44,Klaksvik,FO,62.2266,-6.589,36.52,78,95,15.35,overcast clouds
45,Broken Hill,AU,-31.95,141.4333,58.71,58,0,12.66,clear sky
46,Beringovskiy,RU,63.05,179.3167,32.58,98,100,16.37,snow
47,Waco,US,31.5493,-97.1467,82.51,78,1,1.01,clear sky
48,Punta Arenas,CL,-53.15,-70.9167,32.11,74,20,11.77,few clouds
49,Hermanus,ZA,-34.4187,19.2345,55.9,73,100,5.06,overcast clouds
50,Black River,JM,18.0264,-77.8487,80.6,85,49,3.04,scattered clouds
51,Faanui,PF,-16.4833,-151.75,81.64,69,18,11.52,few clouds
52,Necochea,AR,-38.5473,-58.7368,51.6,76,54,9.86,broken clouds
53,Tateyama,JP,34.9833,139.8667,64.09,88,90,9.22,moderate rain
54,Cape Town,ZA,-33.9258,18.4232,56.12,89,0,5.39,clear sky
55,Airai,TL,-8.9266,125.4092,71.55,55,8,5.88,clear sky
56,Chokurdakh,RU,70.6333,147.9167,44.6,69,29,10.25,scattered clouds
57,Iquique,CL,-20.2208,-70.1431,59.04,69,100,5.7,overcast clouds
58,Taltal,CL,-25.4,-70.4833,66.45,64,93,2.91,overcast clouds
59,Martapura,ID,-3.4167,114.85,89.69,58,20,3.85,few clouds
60,Dikson,RU,73.5069,80.5464,29.77,95,100,12.39,light snow
61,Campbellton,CA,48.0075,-66.6727,70.25,94,100,8.95,overcast clouds
62,Kapaa,US,22.0752,-159.319,82.11,71,40,3.0,scattered clouds
63,Bubaque,GW,11.2833,-15.8333,77.79,76,88,12.66,overcast clouds
64,Ugoofaaru,MV,5.6667,73.0,83.82,74,100,22.93,overcast clouds
65,Ponta Do Sol,PT,32.6667,-17.1,65.71,75,100,4.59,overcast clouds
66,East London,ZA,-33.0153,27.9116,63.9,89,68,8.55,broken clouds
67,Jamestown,US,42.097,-79.2353,63.72,83,75,3.0,broken clouds
68,Madison,US,34.7334,-86.5667,72.61,90,90,5.99,overcast clouds
69,Mar Del Plata,AR,-38.0023,-57.5575,55.13,51,0,7.0,clear sky
70,Puerto Ayora,EC,-0.7393,-90.3518,74.55,92,58,3.0,broken clouds
71,Kaitangata,NZ,-46.2817,169.8464,49.24,49,100,3.04,overcast clouds
72,Pevek,RU,69.7008,170.3133,33.13,90,9,2.66,clear sky
73,Lorengau,PG,-2.0226,147.2712,78.69,91,99,13.94,overcast clouds
74,Bandarbeyla,SO,9.4942,50.8122,79.11,72,76,17.16,broken clouds
75,Coquimbo,CL,-29.9533,-71.3436,49.73,93,0,2.82,clear sky
76,Mlyniv,UA,50.509,25.6168,49.93,94,2,6.73,clear sky
77,Haysville,US,37.5645,-97.3523,79.02,82,90,14.97,overcast clouds
78,Bambari,CF,5.768,20.6757,71.6,98,100,3.65,overcast clouds
79,Hangu,CN,39.2489,117.7892,78.84,29,81,11.18,broken clouds
80,Thompson,CA,55.7435,-97.8558,41.16,38,20,5.75,few clouds
81,Vila Velha,BR,-20.3297,-40.2925,73.35,92,40,4.0,scattered clouds
82,Upernavik,GL,72.7868,-56.1549,31.3,93,100,10.0,overcast clouds
83,Hofn,IS,64.2539,-15.2082,42.58,80,77,3.42,broken clouds
84,Jacmel,HT,18.2342,-72.5347,78.64,84,12,2.1,few clouds
85,Morro Bay,US,35.3658,-120.8499,75.18,71,19,4.0,few clouds
86,Bambous Virieux,MU,-20.3428,57.7575,71.85,94,75,4.59,broken clouds
87,Buchanan,LR,5.8808,-10.0467,76.96,85,82,4.88,broken clouds
88,Hami,CN,42.8,93.45,85.3,9,0,13.06,clear sky
89,Qaanaaq,GL,77.484,-69.3632,30.06,77,0,4.47,clear sky
90,Hithadhoo,MV,-0.6,73.0833,84.09,68,76,19.62,broken clouds
91,Hasaki,JP,35.7333,140.8333,64.29,89,100,16.53,light rain
92,Nanchang,CN,28.6833,115.8833,76.12,80,100,2.08,overcast clouds
93,Narsaq,GL,60.9167,-46.05,34.02,96,100,3.2,overcast clouds
94,Shingu,JP,33.7333,135.9833,68.99,98,100,10.04,moderate rain
95,Husavik,IS,66.0449,-17.3389,39.11,76,22,10.67,few clouds
96,Flinders,AU,-34.5833,150.8552,65.17,50,0,7.0,clear sky
97,Cabo San Lucas,MX,22.8909,-109.9124,88.81,20,40,11.5,scattered clouds
98,Longyearbyen,SJ,78.2186,15.6401,33.64,80,75,14.97,broken clouds
99,New Norfolk,AU,-42.7826,147.0587,51.71,54,60,8.99,light rain
100,Khatanga,RU,71.9667,102.5,27.1,87,64,10.58,broken clouds
101,Otane,NZ,-39.8833,176.6333,57.38,56,46,3.74,scattered clouds
102,Kano,NG,12.0001,8.5167,80.49,65,0,13.8,clear sky
103,Pangnirtung,CA,66.1451,-65.7125,21.78,90,100,5.06,overcast clouds
104,College,US,64.8569,-147.8028,67.66,33,90,4.61,overcast clouds
105,Soyo,AO,-6.1349,12.3689,76.05,91,33,5.44,scattered clouds
106,Monterey,US,36.2505,-121.2516,67.75,33,1,12.3,clear sky
107,Wasilla,US,61.5814,-149.4394,71.15,36,1,5.75,light rain
108,Chapais,CA,49.7834,-74.8492,35.38,65,91,16.51,overcast clouds
109,Bethel,US,41.3712,-73.414,71.92,82,100,1.01,overcast clouds
110,Gamba,GA,-2.65,10.0,76.78,91,95,4.94,overcast clouds
111,Pemangkat,ID,1.1667,108.9667,84.27,69,67,5.39,broken clouds
112,Nioro,GM,13.35,-15.75,78.67,58,73,6.85,broken clouds
113,Ancud,CL,-41.8697,-73.8203,57.42,94,100,22.26,light rain
114,Sao Filipe,CV,14.8961,-24.4956,73.89,75,0,9.75,clear sky
115,Bereda,ES,43.2686,-7.5406,49.57,100,37,2.13,scattered clouds
116,Brigantine,US,39.4101,-74.3646,73.27,90,20,13.49,few clouds
117,Viedma,AR,-40.8135,-62.9967,52.63,59,100,4.25,overcast clouds
118,Fortuna,US,40.5982,-124.1573,67.19,71,1,4.0,clear sky
119,Cervo,ES,43.6702,-7.4101,53.19,85,18,8.3,few clouds
120,Talnakh,RU,69.4865,88.3972,24.3,88,54,3.18,broken clouds
121,Wattegama,LK,6.7989,81.4808,79.72,73,100,8.41,overcast clouds
122,Jinji,CN,23.2281,110.8261,88.93,63,39,5.23,scattered clouds
123,San Patricio,US,28.017,-97.5169,80.83,86,2,11.23,clear sky
124,Saskylakh,RU,71.9167,114.0833,37.63,78,100,12.46,overcast clouds
125,Lata,PT,40.1629,-8.3327,59.72,88,75,1.43,broken clouds
126,Palmer,US,42.1584,-72.3287,68.92,85,90,4.0,overcast clouds
127,Muros,ES,42.7762,-9.0603,59.23,73,91,6.15,overcast clouds
128,Malakal,SS,9.5334,31.6605,82.45,59,69,5.26,broken clouds
129,Brae,GB,60.3964,-1.353,48.11,84,100,14.27,overcast clouds
130,Sikonge,TZ,-5.6333,32.7667,63.34,73,52,6.76,broken clouds
131,Kulhudhuffushi,MV,6.6221,73.07,82.36,78,98,24.52,overcast clouds
132,Krasnoselkup,RU,65.7,82.4667,33.6,55,98,15.08,overcast clouds
133,Bambanglipuro,ID,-7.95,110.2833,84.79,65,36,6.62,scattered clouds
134,Rognedino,RU,53.8015,33.5576,49.15,92,4,4.7,clear sky
135,Udachnyy,RU,66.4167,112.4,56.59,41,100,8.93,overcast clouds
136,Yelan,RU,50.949,43.7378,54.46,76,18,7.0,few clouds
137,Tupik,RU,54.4253,119.9327,38.57,95,100,5.21,overcast clouds
138,Kangaatsiaq,GL,68.3065,-53.4641,48.4,43,6,24.49,clear sky
139,Xiaoweizhai,CN,26.1903,107.5125,66.09,91,100,1.9,overcast clouds
140,Muhos,FI,64.808,25.9931,38.98,69,99,9.64,overcast clouds
141,Draguignan,FR,43.5333,6.4667,54.79,92,23,2.55,few clouds
142,Isangel,VU,-19.55,169.2667,77.11,73,40,5.08,scattered clouds
143,Acapulco,MX,16.8634,-99.8901,85.82,62,90,4.45,overcast clouds
144,Forestville,US,38.8451,-76.875,71.42,93,20,8.05,moderate rain
145,Homer,US,59.6425,-151.5483,64.08,55,1,16.11,clear sky
146,Port Hardy,CA,50.6996,-127.4199,48.38,87,90,13.8,light rain
147,Aripuana,BR,-9.1667,-60.6333,74.19,68,9,0.67,clear sky
148,Bredasdorp,ZA,-34.5322,20.0403,51.28,93,100,4.09,overcast clouds
149,Charlestown,AU,-32.95,151.6667,67.01,48,0,3.0,clear sky
150,Vinh,VN,18.6667,105.6667,85.01,76,79,1.74,broken clouds
151,San Matias,BO,-16.3667,-58.4,77.09,60,25,4.27,scattered clouds
152,Praya,CV,14.9215,-23.5087,70.34,83,20,17.27,few clouds
153,Bang Saphan,TH,11.2126,99.5117,84.15,82,100,4.79,overcast clouds
154,Myitkyina,MM,25.3833,97.4,80.91,89,83,1.07,light rain
155,Erzin,TR,36.9559,36.2,68.72,58,0,1.7,clear sky
156,Olinda,BR,-8.0089,-34.8553,76.73,73,75,13.85,broken clouds
157,Comodoro Rivadavia,AR,-45.8667,-67.5,49.86,71,0,3.44,clear sky
158,Port Lincoln,AU,-34.7333,135.8667,60.98,63,99,6.85,overcast clouds
159,Phuthaditjhaba,ZA,-28.5242,28.8158,46.2,42,0,3.04,clear sky
160,Rawah,IQ,34.4816,41.9093,81.1,12,0,5.23,clear sky
161,Young,UY,-32.6833,-57.6333,52.09,92,12,7.54,few clouds
162,Avarua,CK,-21.2078,-159.775,80.65,89,20,9.22,light rain
163,Saint-Philippe,RE,-21.3585,55.7679,69.39,83,19,2.21,few clouds
164,Trat,TH,12.5,102.5,85.24,85,93,2.21,overcast clouds
165,Sangar,RU,63.9242,127.4739,59.0,48,29,7.47,scattered clouds
166,Faya,SA,18.3851,42.4509,64.92,37,1,2.04,clear sky
167,Saint-Georges,GD,12.0564,-61.7485,79.61,83,77,11.03,broken clouds
168,Pokhara,NP,28.2333,83.9833,70.43,85,100,3.06,overcast clouds
169,Galle,LK,6.0367,80.217,80.89,82,100,23.24,overcast clouds
170,Ilulissat,GL,69.2167,-51.1,53.62,35,100,26.46,overcast clouds
171,Fereydun Kenar,IR,36.6864,52.5225,66.51,86,81,5.88,broken clouds
172,Tanout,NE,14.9709,8.8879,79.52,11,13,3.11,few clouds
173,Walvis Bay,NA,-22.9575,14.5053,67.15,39,1,6.17,clear sky
174,Marsa Matruh,EG,31.3525,27.2453,68.2,94,0,6.91,clear sky
175,Poli,TZ,-3.3333,36.8,52.93,94,60,2.48,broken clouds
176,Khromtau,KZ,50.2503,58.4347,62.06,54,11,16.89,few clouds
177,Karlskoga,SE,59.3267,14.5239,45.72,95,100,8.79,light rain
178,Fort Nelson,CA,58.8053,-122.7002,53.19,58,90,10.36,overcast clouds
179,Chuy,UY,-33.6971,-53.4616,53.6,82,16,10.6,few clouds
180,Ribeira Grande,PT,38.5167,-28.7,59.54,68,92,13.62,overcast clouds
181,Severo-Kurilsk,RU,50.6789,156.125,38.89,98,100,10.38,overcast clouds
182,Panama City,PA,8.9936,-79.5197,84.06,88,75,1.92,broken clouds
183,Bontang,ID,0.1333,117.5,84.74,70,40,1.05,scattered clouds
184,Naze,JP,28.3667,129.4833,79.72,82,99,25.3,overcast clouds
185,Santa Maria,BR,-29.6842,-53.8069,43.9,100,0,3.15,clear sky
186,Arraial Do Cabo,BR,-22.9661,-42.0278,72.01,82,100,10.76,overcast clouds
187,Bathsheba,BB,13.2167,-59.5167,81.21,69,20,16.4,few clouds
188,Kotido,UG,2.9806,34.1331,66.51,70,90,4.54,overcast clouds
189,Lashio,MM,22.9333,97.75,76.62,78,100,1.77,overcast clouds
190,Sitka,US,57.0531,-135.33,49.89,76,75,11.5,broken clouds
191,Salalah,OM,17.0151,54.0924,80.69,83,20,0.0,few clouds
192,Saint George,US,37.1041,-113.5841,87.64,9,1,1.01,clear sky
193,Tigil,RU,57.8,158.6667,53.26,37,31,1.61,scattered clouds
194,Costinesti,RO,43.95,28.6333,60.71,84,82,4.07,light rain
195,Natchez,US,31.5604,-91.4032,78.24,78,1,4.61,clear sky
196,Port Alfred,ZA,-33.5906,26.891,61.16,86,76,7.99,broken clouds
197,Tourlaville,FR,49.6383,-1.5664,50.76,69,0,3.44,clear sky
198,Kupang,ID,-10.1667,123.5833,86.58,54,20,18.41,few clouds
199,Grand Gaube,MU,-20.0064,57.6608,72.0,84,8,8.23,clear sky
200,Mayumba,GA,-3.432,10.6554,77.54,91,100,6.35,overcast clouds
201,Farafangana,MG,-22.8167,47.8333,65.01,91,6,6.04,clear sky
202,Tuktoyaktuk,CA,69.4541,-133.0374,28.4,86,90,9.22,overcast clouds
203,Baie-Comeau,CA,49.2168,-68.1489,57.2,94,90,5.21,overcast clouds
204,Avera,US,33.194,-82.5271,81.72,47,87,8.5,overcast clouds
205,Mareeba,AU,-17.0,145.4333,77.49,49,37,7.09,scattered clouds
206,Hay River,CA,60.8156,-115.7999,55.38,30,75,13.8,broken clouds
207,River Falls,US,44.8614,-92.6238,60.12,69,91,6.29,overcast clouds
208,Turbat,PK,26.0023,63.044,89.64,47,0,3.4,clear sky
209,Kahului,US,20.8947,-156.47,84.22,72,20,21.85,few clouds
210,Bluff,NZ,-46.6,168.3333,49.8,69,100,13.44,moderate rain
211,Bonnyville,CA,54.2668,-110.735,58.32,61,100,11.97,overcast clouds
212,Carnarvon,AU,-24.8667,113.6333,75.27,38,0,12.66,clear sky
213,Alice Springs,AU,-23.7,133.8833,58.55,44,1,19.66,clear sky
214,Hovd,MN,48.0056,91.6419,66.58,33,0,3.94,clear sky
215,Vanimo,PG,-2.6741,141.3028,86.85,63,38,4.23,scattered clouds
216,Outjo,NA,-20.1167,16.15,54.75,47,0,7.9,clear sky
217,Sakakah,SA,29.9697,40.2064,74.77,17,0,6.33,clear sky
218,Avesta,SE,60.1455,16.1679,45.39,94,100,10.22,overcast clouds
219,Norman Wells,CA,65.282,-126.8329,46.44,76,75,10.36,broken clouds
220,Sahy,SK,48.0741,18.9495,51.67,86,2,2.77,clear sky
221,Kochevo,RU,59.5994,54.3125,43.21,63,99,5.59,overcast clouds
222,Komsomolskiy,UZ,40.4272,71.7189,76.42,38,15,3.24,few clouds
223,Urengoy,RU,65.9667,78.3667,35.74,54,100,13.13,overcast clouds
224,Ostrovskoye,RU,57.8057,42.2433,51.33,76,98,8.52,light rain
225,Green River,US,41.5286,-109.4662,59.4,31,44,19.48,scattered clouds
226,Coihaique,CL,-45.5752,-72.0662,44.55,93,90,6.91,moderate rain
227,Nemuro,JP,43.3236,145.575,66.63,78,20,7.54,few clouds
228,Meybod,IR,32.2501,54.0166,69.82,41,0,7.18,clear sky
229,Anadyr,RU,64.75,177.4833,54.1,37,0,35.01,clear sky
230,Kigoma,TZ,-4.8769,29.6267,71.55,77,66,3.51,light rain
231,Kodiak,US,57.79,-152.4072,54.91,62,1,6.91,clear sky
232,Kloulklubed,PW,7.0419,134.2556,84.7,74,31,11.14,scattered clouds
233,Betioky,MG,-23.7167,44.3833,58.96,86,0,2.82,clear sky
234,San Jeronimo,PE,-11.9472,-75.2829,46.18,78,100,3.42,overcast clouds
235,Port Elizabeth,ZA,-33.918,25.5701,53.89,87,0,5.75,clear sky
236,Bilma,NE,18.6853,12.9164,82.96,9,3,3.42,clear sky
237,Torbay,CA,47.6666,-52.7314,50.77,93,90,16.11,light rain
238,Matata,NZ,-37.8833,176.75,66.52,49,24,5.5,few clouds
239,Seoul,KR,37.5683,126.9778,62.11,88,90,9.82,overcast clouds
240,Henties Bay,NA,-22.116,14.2845,66.15,61,4,4.74,clear sky
241,Westport,US,41.1415,-73.3579,73.18,87,40,3.0,scattered clouds
242,Waingapu,ID,-9.6567,120.2641,84.4,67,73,18.45,broken clouds
243,Kourou,GF,5.1552,-52.6478,78.85,94,100,6.78,moderate rain
244,Penzance,GB,50.1186,-5.5371,48.76,81,55,4.76,broken clouds
245,Kirakira,SB,-10.4544,161.9205,82.36,64,100,11.16,overcast clouds
246,Toora-Khem,RU,52.4675,96.11,52.95,66,94,2.89,overcast clouds
247,Mattru,SL,7.6244,-11.8332,74.71,97,88,0.85,overcast clouds
248,Touros,BR,-5.1989,-35.4608,74.3,86,37,12.01,scattered clouds
249,Souillac,MU,-20.5167,57.5167,71.98,94,75,3.65,broken clouds
250,Topolovgrad,BG,42.0833,26.3333,55.65,97,100,5.06,overcast clouds
251,Cotonou,BJ,6.3654,2.4183,82.38,89,40,11.5,scattered clouds
252,Ostrovnoy,RU,68.0531,39.5131,37.24,68,27,7.87,scattered clouds
253,Bow Island,CA,49.8668,-111.3684,61.18,60,25,11.5,scattered clouds
254,Yellowknife,CA,62.456,-114.3525,50.56,32,90,7.0,overcast clouds
255,Vila Franca Do Campo,PT,37.7167,-25.4333,59.41,80,80,8.12,broken clouds
256,Bengkulu,ID,-3.8004,102.2655,85.06,65,45,2.95,scattered clouds
257,Odweyne,SO,9.4092,45.064,70.14,64,100,11.23,overcast clouds
258,Lagoa,PT,39.05,-27.9833,58.93,66,100,13.69,overcast clouds
259,Burgeo,CA,47.6167,-57.6152,43.97,98,99,7.94,overcast clouds
260,Kashi,CN,39.4547,75.9797,74.41,20,0,3.29,clear sky
261,Abu Zabad,SD,12.35,29.25,84.02,44,76,7.2,broken clouds
262,Grindavik,IS,63.8424,-22.4338,45.07,76,75,28.3,broken clouds
263,Abu Kamal,SY,34.4506,40.9171,81.16,17,0,5.77,clear sky
264,Salinas,US,36.6777,-121.6555,73.47,75,75,11.5,broken clouds
265,Camacupa,AO,-12.0167,17.4833,49.33,59,0,3.6,clear sky
266,Kormilovka,RU,55.0026,74.1028,56.95,64,0,19.08,clear sky
267,Pochutla,MX,15.7432,-96.4661,84.02,77,89,3.58,overcast clouds
268,Lenger,KZ,42.183,69.8839,72.84,52,97,6.89,overcast clouds
269,Sioux Lookout,CA,50.1001,-91.917,35.98,55,20,3.44,few clouds
270,Vestmannaeyjar,IS,63.4427,-20.2734,44.01,81,28,23.82,scattered clouds
271,Itarema,BR,-2.9248,-39.9167,79.12,82,43,13.11,scattered clouds
272,Niksar,TR,40.5917,36.9517,52.18,71,0,3.24,clear sky
273,Sibiti,CG,-3.6819,13.3499,68.79,97,99,2.04,overcast clouds
274,Palmas,BR,-10.2128,-48.3603,71.47,78,0,3.44,clear sky
275,Saint-Jerome,CA,45.7804,-74.0036,71.08,71,40,12.46,scattered clouds
276,Tiksi,RU,71.6872,128.8694,37.65,88,16,3.69,few clouds
277,Dzhebariki-Khaya,RU,62.2167,135.8,61.92,42,46,3.38,scattered clouds
278,Xichang,CN,27.8964,102.2634,60.06,68,100,1.16,overcast clouds
279,Luanda,AO,-8.8368,13.2343,71.98,86,3,8.57,clear sky
280,Fairbanks,US,64.8378,-147.7164,66.16,32,90,8.05,overcast clouds
281,Tual,ID,-5.6667,132.75,81.59,73,68,24.0,broken clouds
282,Bilaspur,IN,22.0833,82.15,86.11,51,100,8.3,overcast clouds
283,Luzhou,CN,28.8724,105.4405,68.02,85,100,2.08,overcast clouds
284,Bac Lieu,VN,9.285,105.7244,80.4,82,100,9.08,overcast clouds
285,Kysyl-Syr,RU,63.8986,122.7617,61.14,57,100,9.62,overcast clouds
286,Saldanha,ZA,-33.0117,17.9442,53.65,85,100,1.48,overcast clouds
287,Cortez,US,37.3489,-108.5859,68.76,18,1,0.0,clear sky
288,Sohag,EG,26.557,31.6948,77.29,23,0,8.55,clear sky
289,Boffa,GN,10.1667,-14.0333,78.58,84,71,3.29,broken clouds
290,Erenhot,CN,43.6475,111.9767,51.26,63,100,31.47,overcast clouds
291,Kaabong,UG,3.4836,34.1492,62.67,75,80,9.19,broken clouds
292,Sinyavino,RU,59.9078,31.0711,47.91,84,99,5.79,overcast clouds
293,Sao Joao Da Barra,BR,-21.6403,-41.0511,72.91,86,82,9.46,broken clouds
294,Vardo,NO,70.3705,31.1107,39.38,79,81,16.75,broken clouds
295,Port-Gentil,GA,-0.7193,8.7815,79.11,85,100,12.35,overcast clouds
296,Sept-Iles,CA,50.2001,-66.3821,46.92,98,90,2.3,overcast clouds
297,Luderitz,NA,-26.6481,15.1594,61.77,69,56,5.75,broken clouds
298,Umea,SE,63.8284,20.2597,44.53,61,0,10.36,clear sky
299,Totness,SR,5.8833,-56.3167,77.07,90,100,10.2,overcast clouds
300,Mount Isa,AU,-20.7333,139.5,71.37,21,2,13.8,clear sky
301,Panzhihua,CN,26.5851,101.7128,69.12,69,100,2.21,overcast clouds
302,Floro,NO,61.5996,5.0328,49.96,66,3,3.44,clear sky
303,Cap-Aux-Meules,CA,47.3821,-61.8597,66.25,68,75,21.85,broken clouds
304,Acarau,BR,-2.8856,-40.12,78.91,83,51,13.38,broken clouds
305,Johnstown,US,40.3267,-78.922,70.9,92,90,11.5,overcast clouds
306,Tautira,PF,-17.7333,-149.15,82.42,73,65,7.07,broken clouds
307,Sorong,ID,-0.8833,131.25,84.56,71,100,8.75,overcast clouds
308,Mendeleyevo,RU,56.0333,37.2167,58.68,94,75,4.7,broken clouds
309,Mazagao,BR,-0.115,-51.2894,77.05,94,69,3.4,broken clouds
310,Half Moon Bay,US,37.4636,-122.4286,71.73,75,90,1.01,overcast clouds
311,Katherine,AU,-14.4667,132.2667,82.72,28,0,17.31,clear sky
312,Mongo,TD,12.1844,18.693,82.09,32,70,7.02,broken clouds
313,Te Anau,NZ,-45.4167,167.7167,49.73,77,100,5.88,overcast clouds
314,Geraldton,AU,-28.7667,114.6,70.12,32,97,12.73,overcast clouds
315,Fiditi,NG,7.7136,3.9172,74.3,97,97,5.48,overcast clouds
316,Rio Grande,BR,-32.035,-52.0986,56.12,75,100,9.64,overcast clouds
317,Liberty,US,31.8335,-81.5004,80.71,43,1,1.01,clear sky
318,Monrovia,LR,6.3005,-10.7969,76.77,85,50,5.55,light rain
319,Okakarara,NA,-20.5833,17.4333,49.46,52,0,4.52,clear sky
320,Posse,BR,-14.0931,-46.3694,69.91,53,69,5.46,broken clouds
321,Chiredzi,ZW,-21.05,31.6667,51.44,49,0,3.02,clear sky
322,Wewak,PG,-3.5534,143.6268,84.88,71,92,2.08,overcast clouds
323,Mamallapuram,IN,12.6264,80.1722,86.05,58,11,15.23,few clouds
324,Puri,IN,19.8,85.85,82.92,67,100,11.86,overcast clouds
325,Barabinsk,RU,55.3571,78.357,58.08,62,8,18.86,clear sky
326,Saint-Joseph,RE,-21.3667,55.6167,68.38,81,10,0.45,clear sky
327,Rundu,NA,-17.9333,19.7667,50.61,53,0,5.32,clear sky
328,Broome,US,42.2506,-75.833,68.38,96,90,1.99,overcast clouds
329,Esperance,AU,-33.8667,121.9,60.64,54,100,18.43,overcast clouds
330,Kingman,US,35.1894,-114.053,87.3,10,1,9.66,clear sky
331,Taoudenni,ML,22.6783,-3.9836,92.75,21,100,2.26,overcast clouds
332,Kisangani,CD,0.5167,25.2,73.8,84,100,1.79,overcast clouds
333,Agapovka,RU,53.2973,59.1348,58.21,52,0,8.95,clear sky
334,Jiuquan,CN,39.7432,98.5174,73.36,13,68,9.22,broken clouds
335,Shushtar,IR,32.0455,48.8567,82.26,22,0,1.74,clear sky
336,Mumford,GH,5.2618,-0.759,79.12,88,97,8.77,light rain
337,Nanfeng,CN,23.7434,111.7959,86.31,76,58,1.79,broken clouds
338,Mandan,US,46.8267,-100.8896,47.98,81,75,3.44,light rain
339,Zahvizdya,UA,48.9184,24.6528,48.92,93,1,2.19,clear sky
340,Yanam,IN,16.7333,82.2167,90.0,44,82,10.07,broken clouds
341,Zhanjiang,CN,21.2815,110.3427,88.05,70,43,12.77,light rain
342,Xinqing,CN,48.2333,129.5,64.9,32,87,1.48,light rain
343,Rincon,US,32.296,-81.2354,80.56,65,75,5.57,broken clouds
344,Pembroke,CA,45.8168,-77.1162,66.18,65,100,11.97,overcast clouds
345,Aykhal,RU,66.0,111.5,53.08,48,100,7.49,overcast clouds
346,Ust-Nera,RU,64.5667,143.2,50.9,51,100,6.55,overcast clouds
347,Qaqortoq,GL,60.7167,-46.0333,34.3,92,100,5.3,overcast clouds
348,Oktyabrskiy,RU,54.4815,53.471,51.15,79,0,5.44,clear sky
349,Wagar,SD,16.1525,36.2032,88.66,26,4,4.34,clear sky
350,Padang,ID,-0.9492,100.3543,84.25,69,100,1.21,overcast clouds
351,Kavieng,PG,-2.5744,150.7967,81.09,83,100,10.65,light rain
352,Savannah Bight,HN,16.45,-85.85,82.0,82,65,19.28,broken clouds
353,Egvekinot,RU,66.3167,-179.1667,42.66,45,0,17.36,clear sky
354,Banjar,ID,-8.19,114.9675,84.06,59,7,2.46,clear sky
355,Dosso,NE,13.049,3.1937,94.62,23,90,11.3,overcast clouds
356,Astoria,US,46.1879,-123.8313,64.09,75,1,1.01,clear sky
357,Makakilo City,US,21.3469,-158.0858,82.15,62,20,13.8,few clouds
358,Praia,CV,14.9215,-23.5087,70.34,83,20,17.27,few clouds
359,San Ramon,US,37.7799,-121.978,76.28,57,1,5.01,clear sky
360,San Andres,CO,12.5847,-81.7006,82.42,83,40,11.5,scattered clouds
361,Santa Rosa,PH,14.3122,121.1114,91.38,68,76,5.48,broken clouds
362,Kruisfontein,ZA,-34.0033,24.7314,53.6,79,100,5.37,overcast clouds
363,Utinga,BR,-5.8172,-35.3954,75.6,88,20,4.61,few clouds
364,Shelburne,CA,44.0787,-80.2041,57.27,75,96,15.88,overcast clouds
365,Teya,RU,60.3778,92.6267,46.08,51,100,5.86,overcast clouds
366,Port Moresby,PG,-9.4431,147.1797,85.42,54,40,11.5,scattered clouds
367,Mossendjo,CG,-2.9506,12.7261,69.62,100,100,1.74,overcast clouds
368,Codrington,AU,-38.2667,141.9667,55.63,79,100,17.11,overcast clouds
369,Kaeo,NZ,-35.1,173.7833,64.33,56,7,4.99,clear sky
370,Pangody,RU,65.85,74.4859,37.78,51,58,12.37,broken clouds
371,Riyadh,SA,24.6877,46.7219,82.45,20,0,0.0,clear sky
372,Karratha,AU,-20.7377,116.8463,77.49,50,99,21.97,overcast clouds
373,Teshie,GH,5.5836,-0.1072,82.96,83,40,9.22,scattered clouds
374,Yerbogachen,RU,61.2767,108.0108,50.76,32,12,9.42,few clouds
375,San Juan,AR,-31.5375,-68.5364,69.73,32,0,1.95,clear sky
376,Chipinge,ZW,-20.1883,32.6236,48.09,58,0,2.48,clear sky
377,Cedar City,US,37.6775,-113.0619,70.77,9,1,12.66,clear sky
378,Aklavik,CA,68.2191,-135.0107,34.52,56,100,10.11,overcast clouds
379,Alofi,NU,-19.0595,-169.9187,76.89,88,8,3.44,light rain
380,Xuddur,SO,4.1213,43.8894,68.65,83,100,12.35,overcast clouds
381,Risor,NO,58.7206,9.2342,47.28,85,93,12.3,overcast clouds
382,Manggar,ID,-2.8833,108.2667,85.12,76,31,10.76,scattered clouds
383,Otwock,PL,52.1058,21.2613,56.1,74,100,4.65,light rain
384,Diamantina,BR,-18.2494,-43.6003,59.92,93,0,1.48,clear sky
385,Chino Valley,US,34.7575,-112.4538,77.16,13,1,1.99,clear sky
386,Vao,NC,-22.6667,167.4833,71.76,72,5,10.13,clear sky
387,Bam,IR,29.106,58.357,79.18,19,0,6.64,clear sky
388,Leshukonskoye,RU,64.8989,45.7622,34.7,66,96,3.18,overcast clouds
389,Salinopolis,BR,-0.6136,-47.3561,78.93,87,82,7.76,broken clouds
390,Ariano Irpino,IT,41.1489,15.0833,49.69,87,54,2.71,broken clouds
391,Rio Gallegos,AR,-51.6226,-69.2181,28.45,86,40,3.44,scattered clouds
392,Abu Samrah,SY,35.3029,37.1841,69.55,39,0,5.3,clear sky
393,Maniitsoq,GL,65.4167,-52.9,46.24,50,61,24.99,broken clouds
394,Fougamou,GA,-1.2154,10.5838,74.62,99,100,1.48,overcast clouds
395,Puerto Escondido,MX,15.85,-97.0667,85.03,70,90,0.0,overcast clouds
396,Guerrero Negro,MX,27.9769,-114.0611,63.88,77,41,16.73,scattered clouds
397,Nicoya,CR,10.1483,-85.452,78.35,85,100,7.92,moderate rain
398,Northam,GB,51.0333,-4.2167,47.39,96,9,2.57,clear sky
399,Pucallpa,PE,-8.3791,-74.5539,74.79,84,39,1.7,scattered clouds
400,Pierre,US,44.3683,-100.351,52.0,66,75,23.02,broken clouds
401,Hit,IQ,33.6416,42.8251,82.06,22,0,7.31,clear sky
402,Mozarlandia,BR,-14.7447,-50.5706,78.84,45,42,3.56,scattered clouds
403,San Isidro,PE,-12.1167,-77.05,64.26,93,90,4.16,overcast clouds
404,Tiruchchendur,IN,8.4833,78.1167,79.09,80,100,24.29,overcast clouds
405,Adrar,MR,20.5022,-10.0711,86.94,22,0,11.43,clear sky
406,Berdigestyakh,RU,62.0989,126.6992,58.32,54,100,2.46,overcast clouds
407,Clarence Town,AU,-32.5833,151.7833,67.14,45,0,6.93,clear sky
408,Horta,PT,38.5333,-28.6333,58.64,69,94,12.71,overcast clouds
409,San Joaquin,US,37.9333,-121.3011,85.51,28,1,19.57,clear sky
410,Tilichiki,RU,60.4667,166.1,36.54,97,100,4.97,overcast clouds
411,Kindu,CD,-2.95,25.95,67.48,83,100,1.66,overcast clouds
412,Enniscorthy,IE,52.5008,-6.5578,48.16,91,12,3.51,few clouds
413,Shitanjing,CN,39.2342,106.3439,70.2,22,0,29.04,clear sky
414,Belmonte,BR,-15.8631,-38.8828,72.1,79,0,3.04,clear sky
415,Najran,SA,17.4924,44.1277,72.25,14,26,5.06,scattered clouds
416,San Lawrenz,MT,36.0553,14.204,66.85,83,40,1.99,scattered clouds
417,Radhanpur,IN,23.8333,71.6,87.04,64,14,14.0,few clouds
418,Carolina,PR,18.3808,-65.9574,80.76,82,40,9.22,scattered clouds
419,Tobol,KZ,52.6844,62.5794,63.32,43,68,14.43,broken clouds
420,Chimbote,PE,-9.0853,-78.5783,66.85,89,87,4.79,overcast clouds
421,Bhatkal,IN,13.9667,74.5667,82.69,78,100,10.29,overcast clouds
422,Arman,RU,59.7,150.1667,42.35,87,100,3.65,light rain
423,Mbandaka,CD,0.0487,18.2603,70.14,86,91,1.19,overcast clouds
424,El Alto,PE,-4.2714,-81.2147,67.98,87,19,13.33,few clouds
425,Pangai,TO,-19.8,-174.35,78.91,73,75,8.05,broken clouds
426,Todos Santos,MX,23.45,-110.2167,88.3,77,99,8.88,overcast clouds
427,Bronnoysund,NO,65.4625,12.1997,50.0,66,40,6.91,scattered clouds
428,Saiha,IN,22.4833,92.9667,86.34,41,79,4.41,broken clouds
429,Kudahuvadhoo,MV,2.6708,72.8944,84.24,73,88,19.35,overcast clouds
430,Lavrentiya,RU,65.5833,-171.0,37.98,72,25,14.43,scattered clouds
431,Ternate,ID,0.8,127.4,85.19,69,15,5.97,few clouds
432,Portland,US,45.5234,-122.6762,72.18,44,75,1.99,broken clouds
433,Noyabrsk,RU,63.1994,75.4507,37.69,64,100,24.79,overcast clouds
434,Jadu,LY,31.953,12.0261,68.34,33,37,12.41,scattered clouds
435,Nelson Bay,AU,-32.7167,152.15,64.78,58,0,1.99,clear sky
436,Barka Kana,IN,23.6167,85.4833,76.84,95,100,21.39,overcast clouds
437,Yar-Sale,RU,66.8333,70.8333,36.41,52,14,8.25,few clouds
438,Port Hedland,AU,-20.3167,118.5667,82.45,28,78,20.71,broken clouds
439,Osoyoos,CA,49.0331,-119.4524,74.79,28,100,8.05,overcast clouds
440,Inta,RU,66.0317,60.1659,38.19,51,64,7.27,broken clouds
441,Seredka,RU,58.1584,28.1858,42.55,92,13,7.54,few clouds
442,Sal Rei,CV,16.1833,-22.9167,72.16,85,6,18.41,clear sky
443,Marzuq,YE,14.4,46.4667,72.82,62,93,5.82,overcast clouds
444,Sechura,PE,-5.5569,-80.8222,71.15,80,16,11.07,few clouds
445,Paamiut,GL,61.994,-49.6678,37.18,88,75,9.31,broken clouds
446,Mazamari,PE,-11.3258,-74.5308,68.95,87,95,2.28,overcast clouds
447,Qazvin,IR,36.2797,50.0049,49.62,93,0,2.3,clear sky
448,Majene,ID,-3.5403,118.9707,86.23,68,59,9.55,broken clouds
449,Tshela,CD,-4.9833,12.9333,71.44,98,92,1.01,overcast clouds
450,Santa Vitoria Do Palmar,BR,-33.5189,-53.3681,53.89,82,27,10.6,scattered clouds
451,Katsuura,JP,35.1333,140.3,62.15,95,100,8.81,moderate rain
452,Davila,PH,18.4726,120.5763,91.38,68,45,6.51,scattered clouds
453,Puerto Madero,MX,14.7208,-92.4215,82.6,89,75,0.0,broken clouds
454,Dwarka,IN,22.2394,68.9678,84.9,76,92,17.11,overcast clouds
455,Mataram,ID,-8.5833,116.1167,88.61,60,12,2.84,few clouds
456,Burnie,AU,-41.0667,145.9167,56.91,62,7,17.78,light rain
457,Puerto Quijarro,BO,-17.7833,-57.7667,75.58,63,19,1.43,few clouds
458,Tromso,NO,69.6496,18.957,39.22,81,20,0.0,few clouds
459,Kaniama,CD,-7.5667,24.1833,59.99,53,6,4.85,clear sky
460,Saint-Augustin,CA,51.226,-58.6502,44.87,98,100,3.78,overcast clouds
461,Nanga Eboko,CM,4.6833,12.3667,68.5,99,97,1.66,overcast clouds
462,Sistranda,NO,63.7256,8.834,48.9,88,57,11.74,broken clouds
463,Kampene,CD,-3.6,26.6667,65.79,88,98,1.63,overcast clouds
464,Los Llanos De Aridane,ES,28.6585,-17.9182,64.15,87,90,13.56,overcast clouds
465,Kuching,MY,1.55,110.3333,88.02,74,40,3.44,scattered clouds
466,Pisco,PE,-13.7,-76.2167,65.01,94,75,5.75,broken clouds
467,Kurilsk,RU,45.2333,147.8833,41.41,81,99,8.3,overcast clouds
468,Dawson,US,31.7735,-84.4466,80.02,51,51,4.23,broken clouds
469,Owando,CG,-0.4819,15.8999,73.13,82,83,1.68,broken clouds
470,Atambua,ID,-9.1061,124.8925,83.98,53,6,3.76,clear sky
471,Ratnagiri,IN,16.9833,73.3,84.76,65,100,8.81,overcast clouds
472,Nuuk,GL,64.1835,-51.7216,52.41,35,68,20.71,broken clouds
473,Lompoc,US,34.6391,-120.4579,67.37,81,75,10.36,broken clouds
474,Poum,NC,-20.2333,164.0167,73.04,57,0,11.41,clear sky
475,Porto Velho,BR,-8.7619,-63.9039,75.25,94,0,0.0,light rain
476,Rocha,UY,-34.4833,-54.3333,56.17,76,44,14.56,scattered clouds
477,Banda Aceh,ID,5.5577,95.3222,80.76,77,100,11.63,overcast clouds
478,Barcelos,PT,41.5388,-8.6151,62.92,77,91,1.25,overcast clouds
479,Denpasar,ID,-8.65,115.2167,83.86,84,40,7.72,scattered clouds
480,Aksehir,TR,38.3575,31.4164,62.56,56,97,3.09,light rain
481,Asuncion,PY,-25.3007,-57.6359,60.24,82,100,3.04,overcast clouds
482,Pitkyaranta,RU,61.5734,31.4792,42.57,95,94,7.27,overcast clouds
483,Araouane,ML,18.9048,-3.5265,90.91,23,100,5.32,overcast clouds
484,Quchan,IR,37.106,58.5095,64.94,60,100,9.04,overcast clouds
485,Mount Gambier,AU,-37.8333,140.7667,58.91,77,75,16.11,broken clouds
486,Baykit,RU,61.67,96.37,46.18,58,47,4.18,scattered clouds
487,Khandbari,NP,27.3747,87.2039,70.18,93,100,2.55,light rain
488,Svetlogorsk,BY,52.6333,29.7333,50.79,93,4,5.28,clear sky
489,Sunrise,US,26.1577,-80.2861,78.84,72,1,1.99,clear sky
490,Jijiga,ET,9.35,42.8,59.54,89,45,7.76,scattered clouds
491,Merauke,ID,-8.4667,140.3333,81.57,72,62,9.35,broken clouds
492,Berlevag,NO,70.8578,29.0864,39.61,71,99,14.99,overcast clouds
493,Mackay,AU,-21.15,149.2,83.68,60,3,10.36,clear sky
494,Menongue,AO,-14.6585,17.691,49.35,62,0,4.45,clear sky
495,Nome,US,64.5011,-165.4064,65.1,29,1,6.91,clear sky
496,Prainha,BR,-1.8,-53.48,77.14,83,73,2.89,broken clouds
497,Raudeberg,NO,61.9875,5.1352,48.87,82,0,17.29,clear sky
498,Labuhan,ID,-6.8844,112.2051,86.11,65,49,15.35,scattered clouds
499,Santa Lucia,ES,27.9117,-15.5407,58.32,63,75,11.59,broken clouds
500,La Llanada,CO,1.49,-77.5835,48.18,89,66,3.67,broken clouds
501,Parabel,RU,58.6978,81.4825,57.42,72,82,15.08,broken clouds
502,Macas,EC,-2.3167,-78.1167,65.28,98,63,3.11,light rain
503,Ginir,ET,7.1333,40.7,53.98,92,97,3.31,overcast clouds
504,Cheney,US,47.4874,-117.5758,70.14,34,75,5.82,broken clouds
505,Qala,AZ,40.4418,50.1681,62.49,88,40,14.14,scattered clouds
506,Bamako,ML,12.65,-8.0,84.61,54,20,1.12,light rain
507,Bridlington,GB,54.0831,-0.1919,48.88,90,68,10.02,broken clouds
508,San Rafael,AR,-34.6177,-68.3301,56.21,36,28,1.28,scattered clouds
509,Kankakee,US,41.15,-87.8667,72.05,61,1,3.44,clear sky
510,Stromness,GB,58.965,-3.296,46.65,81,100,5.64,overcast clouds
511,Garca,BR,-22.2106,-49.6561,69.26,56,24,2.08,few clouds
512,Da Nang,VN,16.0678,108.2208,89.58,62,40,2.3,scattered clouds
513,Bogen,DE,48.9112,12.6896,48.76,97,100,4.76,light rain
514,Greytown,ZA,-29.0642,30.5928,48.81,63,5,2.64,clear sky
515,Yulara,AU,-25.2406,130.9889,58.84,44,100,19.57,overcast clouds
516,Tura,IN,25.5198,90.2201,75.49,79,100,5.73,overcast clouds
517,Frontignan,FR,43.4485,3.754,57.99,66,18,6.69,few clouds
518,Macedo De Cavaleiros,PT,41.5382,-6.9611,57.31,67,79,4.47,broken clouds
519,Meulaboh,ID,4.1363,96.1285,78.4,84,100,8.46,overcast clouds
520,Terrasini,IT,38.146,13.0844,67.46,72,75,3.44,broken clouds
521,Nenjiang,CN,49.1833,125.2167,59.36,47,67,6.44,broken clouds
522,Wanaka,NZ,-44.7,169.15,48.27,68,100,5.88,overcast clouds
523,Sorsk,RU,54.0033,90.2467,61.07,78,98,6.04,overcast clouds
524,Bodden Town,KY,19.2833,-81.25,81.93,66,20,11.95,few clouds
525,Birnin Kebbi,NG,12.4539,4.1975,91.4,29,46,13.96,scattered clouds
526,Bandar-E Anzali,IR,37.4727,49.4622,66.31,85,75,3.6,broken clouds
527,Praia Da Vitoria,PT,38.7333,-27.0667,61.05,72,75,12.17,broken clouds
528,Ngunguru,NZ,-35.6167,174.5,64.17,50,0,5.17,clear sky
529,Simi,SL,9.5667,-12.35,75.36,94,100,0.92,overcast clouds
530,Lucapa,AO,-8.4192,20.7447,58.57,57,6,4.34,clear sky
531,Estacion Coahuila,MX,32.1939,-115.0017,96.89,15,34,9.13,scattered clouds
532,Fuyang,CN,32.9,115.8167,82.67,39,69,10.51,broken clouds
533,Saint Anthony,US,45.0205,-93.218,59.95,49,75,1.99,broken clouds
534,Zalantun,CN,48.0,122.7167,58.06,50,73,10.33,broken clouds
535,Sur,OM,22.5667,59.5289,96.6,30,0,5.17,clear sky
536,Takoradi,GH,4.8845,-1.7554,78.91,88,97,6.62,light rain
537,Osypenko,UA,46.9136,36.8253,64.83,69,89,7.87,overcast clouds
538,Springdale,US,36.1867,-94.1288,75.33,81,1,6.13,clear sky
539,Medea,DZ,36.2642,2.7539,55.85,89,70,1.79,broken clouds
540,Jeremoabo,BR,-10.075,-38.4808,68.58,98,76,5.97,broken clouds
541,Iqaluit,CA,63.7506,-68.5145,31.73,80,75,6.91,broken clouds
542,Antofagasta,CL,-23.65,-70.4,58.28,65,100,4.29,overcast clouds
543,Dzilam Gonzalez,MX,21.2833,-88.9333,78.6,75,97,8.25,overcast clouds
544,Russell,US,32.3502,-85.1999,76.23,84,1,2.59,clear sky
545,Eirunepe,BR,-6.6603,-69.8736,73.58,92,53,2.37,broken clouds
546,Hobyo,SO,5.3505,48.5268,78.08,78,44,15.41,scattered clouds
547,Tiznit,MA,29.5833,-9.5,58.73,81,4,2.26,clear sky
548,Vanavara,RU,60.34,102.2797,47.93,32,7,3.51,clear sky
549,Zyryanka,RU,65.75,150.85,60.3,37,100,10.54,overcast clouds
550,Aloleng,PH,16.1307,119.7824,88.5,64,80,4.9,broken clouds
551,Ankang,CN,32.68,109.0172,73.65,65,100,3.69,overcast clouds
552,Camana,PE,-16.6228,-72.7111,70.27,70,100,6.08,overcast clouds
553,Summerville,US,33.0185,-80.1757,78.91,77,20,1.99,few clouds
554,San Martin,AR,-33.081,-68.4681,52.34,42,1,4.5,clear sky
555,La Ronge,CA,55.1001,-105.2842,46.65,42,1,6.91,clear sky
556,Neuquen,AR,-38.9516,-68.0591,64.29,48,75,8.05,broken clouds
557,Hammerfest,NO,70.6634,23.6821,39.65,75,0,4.61,clear sky
558,Progreso,MX,21.2833,-89.6667,82.51,80,100,12.86,overcast clouds
559,Lasa,IT,46.6166,10.7002,54.48,94,46,4.12,scattered clouds
560,Copiapo,CL,-27.3667,-70.3333,49.69,25,72,2.42,broken clouds
561,Sarany,RU,58.5,58.8833,42.57,74,100,8.52,overcast clouds
562,Waipawa,NZ,-41.4122,175.5153,54.23,53,0,6.42,clear sky
563,Gogrial,SS,8.5332,28.1004,77.4,72,98,9.31,overcast clouds
564,Mizque,BO,-17.941,-65.3402,60.15,77,90,1.45,overcast clouds
565,Chaplynka,UA,46.3651,33.5403,56.8,74,38,5.84,scattered clouds
566,Lakeway,US,30.3638,-97.9796,81.73,80,40,4.0,scattered clouds
567,Solnechnyy,RU,50.7214,136.6319,47.41,70,100,3.06,overcast clouds
568,Lancaster,US,40.2504,-76.2499,70.43,88,90,1.99,overcast clouds
569,Nhulunbuy,AU,-12.2333,136.7667,84.81,61,20,19.57,few clouds
570,Aluksne,LV,57.4167,27.05,44.17,94,43,6.82,scattered clouds
571,Krasnoarmeysk,RU,51.0239,45.6969,58.15,76,15,8.46,few clouds
572,Anloga,GH,5.7947,0.8973,82.62,82,91,13.91,overcast clouds
573,Darhan,MN,49.4867,105.9228,57.7,29,3,16.46,clear sky
574,Gushi,CN,34.6425,109.5843,90.25,10,99,13.2,overcast clouds
575,Zhigansk,RU,66.7697,123.3711,58.66,45,10,14.88,clear sky
576,Port Hawkesbury,CA,45.6169,-61.3485,62.73,88,1,5.99,clear sky
577,Kibondo,TZ,-3.5864,30.7203,62.37,81,100,3.8,overcast clouds
578,Havelock,US,34.8791,-76.9013,76.01,85,40,8.01,scattered clouds
579,Bagotville,AU,-28.9833,153.4167,69.62,73,99,11.74,overcast clouds
580,Nizwa,OM,22.9333,57.5333,93.49,14,6,1.99,clear sky
581,Bertoua,CM,4.5833,13.6833,66.67,97,88,1.57,overcast clouds
582,Olmos,PE,-5.9847,-79.7453,71.29,80,2,1.81,clear sky
583,Katiola,CI,8.1333,-5.1,77.63,92,95,6.44,overcast clouds
584,Susangerd,IR,31.5608,48.1831,77.02,19,0,6.67,clear sky
585,Simplicio Mendes,BR,-7.8539,-41.9103,73.22,52,4,7.67,clear sky
586,Dhidhdhoo,MV,6.8833,73.1,82.9,77,78,23.89,broken clouds
587,Tailai,CN,46.3833,123.4,63.64,37,91,8.48,overcast clouds
588,Pauini,BR,-7.7136,-66.9764,77.56,77,100,0.2,overcast clouds
589,Masterton,NZ,-40.9597,175.6575,55.96,50,0,5.1,clear sky
590,Chkalovskoye,RU,44.8392,133.0436,63.55,52,100,2.62,light rain
591,Ogulin,HR,45.2661,15.2286,50.83,82,57,2.01,broken clouds
592,Chikwawa,MW,-16.0335,34.8009,56.75,86,0,0.45,clear sky
593,Shimanovsk,RU,52.0,127.7,57.99,45,100,3.15,overcast clouds
594,Rawson,AR,-43.3002,-65.1023,51.71,60,100,12.19,overcast clouds
595,Pampa,US,35.5362,-100.9599,73.54,60,40,16.11,scattered clouds
596,Verkh-Usugli,RU,52.7,115.1667,59.49,26,100,4.61,overcast clouds
597,Solwezi,ZM,-12.1688,26.3894,44.85,76,1,3.69,clear sky
598,Bluefield,US,37.2698,-81.2223,71.44,75,1,6.91,clear sky
599,Flin Flon,CA,54.7682,-101.865,37.36,49,4,4.45,clear sky
600,Baracoa,CU,20.3467,-74.4958,78.19,84,75,9.75,broken clouds
601,Bafq,IR,31.6128,55.4107,76.01,30,0,2.66,clear sky
602,Cody,US,44.5263,-109.0565,52.2,77,90,14.97,overcast clouds
603,Faro,PT,37.0194,-7.9322,64.18,88,0,4.61,clear sky
604,Varca,IN,15.2167,73.9167,85.44,67,100,10.58,overcast clouds
605,Kavaratti,IN,10.5669,72.642,83.43,74,100,14.74,overcast clouds
606,Radyvyliv,UA,50.1299,25.2558,51.04,95,0,6.55,clear sky
607,Garissa,KE,-0.4536,39.6401,72.36,83,82,13.4,broken clouds
608,Jalu,LY,29.0331,21.5482,75.49,27,0,4.74,clear sky
609,Niimi,JP,34.9833,133.4667,61.95,99,100,4.54,overcast clouds
610,Paulo Afonso,BR,-9.4061,-38.2147,66.65,94,41,5.23,scattered clouds
611,Kailua,US,21.4022,-157.7394,83.61,68,1,6.91,clear sky
612,Vredendal,ZA,-31.6683,18.5012,58.39,54,100,4.25,overcast clouds
613,Ust-Maya,RU,60.4167,134.5333,47.68,90,100,4.45,overcast clouds
614,Cap Malheureux,MU,-19.9842,57.6142,72.09,84,5,1.99,clear sky
615,Challapata,BO,-18.9,-66.7667,47.3,55,100,3.02,overcast clouds
616,Roald,NO,62.5833,6.1333,48.99,93,0,17.27,clear sky
617,Pipri,IN,19.8,75.5333,82.83,58,81,19.8,broken clouds
618,Saint-Denis,FR,48.9167,2.3333,51.15,92,0,0.0,clear sky
619,Yining,CN,29.0361,114.5636,78.64,67,82,2.17,broken clouds
620,Kendari,ID,-3.945,122.4989,85.12,71,57,6.78,broken clouds
621,Iberia,US,29.9502,-91.7507,78.87,88,1,5.12,clear sky
622,Lyuban,BY,52.7985,28.0048,49.03,84,50,6.24,scattered clouds
623,Ayorou,NE,14.7308,0.9174,86.16,22,35,3.83,scattered clouds
624,Shubarshi,KZ,48.5872,57.1869,76.08,46,6,11.1,clear sky
625,Caravelas,BR,-17.7125,-39.2481,71.83,96,22,4.29,few clouds
626,Port-Cartier,CA,50.0334,-66.8654,46.62,99,100,1.9,overcast clouds
627,Millinocket,US,45.6573,-68.7098,78.91,65,20,6.91,few clouds
628,Ust-Ishim,RU,57.6935,71.1665,49.1,76,100,14.99,overcast clouds
629,Pyapon,MM,16.2833,95.6833,87.21,66,100,5.75,overcast clouds
630,Amboasary,MG,-25.0333,46.3833,64.24,91,0,2.73,clear sky
631,Warrnambool,AU,-38.3833,142.4833,58.8,81,98,19.08,overcast clouds
632,Jardim,BR,-21.4803,-56.1381,71.46,65,88,2.21,overcast clouds
633,Lufilufi,WS,-13.8745,-171.5986,86.79,71,93,8.88,overcast clouds
634,Honiara,SB,-9.4333,159.95,85.12,66,76,2.44,broken clouds
635,Werda,BW,-25.2667,23.2833,53.82,42,27,5.53,scattered clouds
636,Peleduy,RU,59.6289,112.7406,62.22,36,99,3.62,overcast clouds
637,Constantine,DZ,36.365,6.6147,65.61,68,75,3.44,broken clouds
638,Carmen,MX,18.6333,-91.8333,84.02,74,38,14.16,scattered clouds
639,Puerto Colombia,CO,10.9878,-74.9547,82.49,85,24,26.62,few clouds
640,Antalaha,MG,-14.9003,50.2788,68.79,86,7,5.64,clear sky
641,Bilibino,RU,68.0546,166.4372,53.04,46,18,8.88,few clouds
642,Ukmerge,LT,55.25,24.75,51.8,92,76,8.39,broken clouds
643,Sibolga,ID,1.7427,98.7792,84.33,75,96,2.1,moderate rain
644,Gotsu,JP,35.0,132.2167,64.54,74,100,8.3,overcast clouds
645,Hauterive,FR,46.0901,3.4459,51.58,96,88,1.5,overcast clouds
646,Bolgar,RU,54.95,49.0667,53.51,81,0,6.78,clear sky
647,Kieta,PG,-6.2167,155.6333,80.64,86,100,3.04,moderate rain
648,Kathmandu,NP,27.7167,85.3167,66.42,100,75,0.0,broken clouds
649,Saint-Pierre,RE,-21.3393,55.4781,69.48,80,1,8.05,clear sky
650,Kodinar,IN,20.7903,70.7031,84.85,68,100,14.52,overcast clouds
651,Sisimiut,GL,66.9395,-53.6735,47.5,45,2,12.39,clear sky
652,Barra Da Estiva,BR,-13.6261,-41.3269,61.11,93,21,3.33,few clouds
653,Nouadhibou,MR,20.931,-17.0347,64.38,82,0,19.57,clear sky
654,Johi,PK,26.6921,67.6133,99.97,25,24,9.08,few clouds
655,Tarata,BO,-17.6167,-66.0167,58.08,61,87,1.45,overcast clouds
656,Tefe,BR,-3.3542,-64.7114,73.63,97,44,2.3,scattered clouds
657,Meiganga,CM,6.5167,14.3,66.24,94,100,1.7,overcast clouds
658,Hambantota,LK,6.1241,81.1185,80.94,89,40,24.74,scattered clouds
659,Benghazi,LY,32.1167,20.0667,69.85,71,11,9.44,few clouds
660,Hulan Ergi,CN,47.2042,123.6333,61.11,45,65,8.86,broken clouds
661,Killybegs,IE,54.6333,-8.45,43.45,87,81,6.46,broken clouds
662,Mango,US,27.9797,-82.3065,79.86,70,1,0.0,clear sky
663,Usinsk,RU,65.9939,57.5281,38.57,52,27,8.84,scattered clouds
664,Palembang,ID,-2.9167,104.7458,84.29,84,75,11.5,light rain
665,Adre,TD,13.4667,22.2,80.42,38,80,5.03,broken clouds
666,Pomabamba,PE,-8.8333,-77.4667,46.89,91,32,3.24,scattered clouds
667,Beyneu,KZ,45.3167,55.2,85.82,20,72,2.68,broken clouds
668,Derzhavinsk,KZ,51.1,66.3167,65.64,45,7,19.84,clear sky
669,Hailar,CN,49.2,119.7,56.57,38,78,3.04,broken clouds
670,Inverell,AU,-29.7833,151.1167,66.67,46,0,7.0,clear sky
671,Gravelbourg,CA,49.8834,-106.5512,46.67,49,100,7.47,overcast clouds
672,Shu,KZ,43.5983,73.7614,75.36,49,96,12.1,overcast clouds
673,Muskogee,US,35.5834,-95.3336,77.52,83,20,4.61,few clouds
674,Bindura,ZW,-17.3019,31.3306,34.84,69,0,2.21,clear sky
675,Warrington,GB,53.3925,-2.5802,48.97,90,10,1.19,clear sky
676,Salisbury,GB,51.0693,-1.7957,49.69,89,20,2.3,few clouds
677,Guarapari,BR,-20.6667,-40.4975,73.29,94,20,6.98,few clouds
678,Livingston,GB,55.9029,-3.5226,49.48,97,75,2.08,broken clouds
679,Uni,RU,57.7535,51.4923,47.08,74,36,5.68,scattered clouds
680,Dingle,PH,10.9995,122.6711,89.92,58,56,5.55,broken clouds
681,Ihosy,MG,-22.4,46.1167,56.05,94,9,2.37,clear sky
682,Same,TZ,-4.0667,37.7333,59.22,95,21,2.64,few clouds
683,Lima,PE,-12.0432,-77.0282,63.14,88,90,4.61,overcast clouds
684,Ondjiva,AO,-17.0667,15.7333,52.74,54,0,6.33,clear sky
685,Omsukchan,RU,62.5333,155.8,42.21,70,100,10.51,overcast clouds
686,Huarmey,PE,-10.0681,-78.1522,67.12,90,60,3.44,broken clouds
687,Tavistock,GB,50.5494,-4.1442,45.84,93,20,1.92,few clouds
688,Uyuni,BO,-20.4597,-66.825,43.47,59,100,5.1,overcast clouds
689,Yeovil,GB,50.9416,-2.6321,48.25,92,4,0.0,clear sky
690,Xifeng,CN,42.7372,124.7222,69.15,27,70,4.85,broken clouds
691,Charters Towers,AU,-20.1,146.2667,79.63,34,7,12.75,clear sky
692,Methoni,GR,36.8197,21.7049,68.22,84,4,16.53,clear sky
693,Syntul,RU,55.0033,41.2971,57.56,74,43,7.99,scattered clouds
694,Dawlatabad,AF,36.4141,64.9053,86.65,13,5,3.13,clear sky
695,Korla,CN,41.7597,86.1469,82.87,11,100,3.38,overcast clouds
696,Ulaangom,MN,49.9811,92.0667,68.95,38,0,6.87,clear sky
697,Quartucciu,IT,39.2519,9.1794,63.0,76,20,5.41,few clouds
698,Constitucion,CL,-35.3333,-72.4167,56.62,88,18,6.62,few clouds
699,Ahipara,NZ,-35.1667,173.1667,60.08,51,69,5.17,broken clouds
700,Monte Carmelo,BR,-18.7247,-47.4986,66.36,53,3,5.55,clear sky
701,Rockland,US,41.1668,-74.0496,72.73,92,96,11.1,overcast clouds
